"time","Room 1 - Actual","Room 1 - Set"
2024-02-01 00:00:00,20.5 °C,19 °C
2024-02-01 00:01:00,20.5 °C,19 °C
2024-02-01 00:04:00,20.5 °C,19 °C
2024-02-01 00:05:00,20.5 °C,19 °C
2024-02-01 00:06:00,20.5 °C,19 °C
2024-02-01 00:08:00,20.5 °C,19 °C
2024-02-01 00:10:00,20.5 °C,19 °C
2024-02-01 00:11:00,20.5 °C,19 °C
2024-02-01 00:12:00,20.5 °C,19 °C
2024-02-01 00:13:00,20.5 °C,19 °C
2024-02-01 00:14:00,20.5 °C,19 °C
2024-02-01 00:15:00,20.5 °C,19 °C
2024-02-01 00:16:00,20.5 °C,19 °C
2024-02-01 00:17:00,20.5 °C,19 °C
2024-02-01 00:18:00,20.4 °C,19 °C
2024-02-01 00:20:00,20.4 °C,19 °C
2024-02-01 00:21:00,20.4 °C,19 °C
2024-02-01 00:23:00,20.4 °C,19 °C
2024-02-01 00:26:00,20.4 °C,19 °C
2024-02-01 00:27:00,20.4 °C,19 °C
2024-02-01 00:29:00,20.4 °C,19 °C
2024-02-01 00:32:00,20.4 °C,19 °C
2024-02-01 00:35:00,20.4 °C,19 °C
2024-02-01 00:37:00,20.4 °C,19 °C
2024-02-01 00:39:00,20.3 °C,19 °C
2024-02-01 00:40:00,20.3 °C,19 °C
2024-02-01 00:41:00,20.3 °C,19 °C
2024-02-01 00:43:00,20.3 °C,19 °C
2024-02-01 00:44:00,20.3 °C,19 °C
2024-02-01 00:46:00,20.3 °C,19 °C
2024-02-01 00:48:00,20.3 °C,19 °C
2024-02-01 00:50:00,20.3 °C,19 °C
2024-02-01 00:51:00,20.3 °C,19 °C
2024-02-01 00:54:00,20.3 °C,19 °C
2024-02-01 00:55:00,20.2 °C,19 °C
2024-02-01 00:57:00,20.2 °C,19 °C
2024-02-01 01:00:00,20.2 °C,19 °C
2024-02-01 01:01:00,20.2 °C,19 °C
2024-02-01 01:03:00,20.2 °C,19 °C
2024-02-01 01:04:00,20.2 °C,19 °C
2024-02-01 01:07:00,20.2 °C,19 °C
2024-02-01 01:10:00,20.2 °C,19 °C
2024-02-01 01:12:00,20.2 °C,19 °C
2024-02-01 01:13:00,20.2 °C,19 °C
2024-02-01 01:14:00,20.1 °C,19 °C
2024-02-01 01:16:00,20.1 °C,19 °C
2024-02-01 01:22:00,20.1 °C,19 °C
2024-02-01 01:27:00,20.1 °C,19 °C
2024-02-01 01:29:00,20.1 °C,19 °C
2024-02-01 01:32:00,20.1 °C,19 °C
2024-02-01 01:42:00,20.1 °C,19 °C
2024-02-01 01:45:00,20.1 °C,19 °C
2024-02-01 01:47:00,20.1 °C,19 °C
2024-02-01 01:49:00,20.1 °C,19 °C
2024-02-01 01:51:00,20.0 °C,19 °C
2024-02-01 01:53:00,20.0 °C,19 °C
2024-02-01 01:54:00,20.0 °C,19 °C
2024-02-01 01:57:00,20.0 °C,19 °C
2024-02-01 01:58:00,20.0 °C,19 °C
2024-02-01 02:01:00,20 °C,19 °C
2024-02-01 02:03:00,20.0 °C,19 °C
2024-02-01 02:05:00,20.0 °C,19 °C
2024-02-01 02:07:00,20.0 °C,19 °C
2024-02-01 02:08:00,20.0 °C,19 °C
2024-02-01 02:09:00,20.0 °C,19 °C
2024-02-01 02:10:00,19.9 °C,19 °C
2024-02-01 02:11:00,19.9 °C,19 °C
2024-02-01 02:12:00,19.9 °C,19 °C
2024-02-01 02:15:00,19.9 °C,19 °C
2024-02-01 02:16:00,19.9 °C,19 °C
2024-02-01 02:18:00,19.9 °C,19 °C
2024-02-01 02:19:00,19.9 °C,19 °C
2024-02-01 02:21:00,19.9 °C,19 °C
2024-02-01 02:22:00,19.9 °C,19 °C
2024-02-01 02:23:00,19.9 °C,19 °C
2024-02-01 02:26:00,19.9 °C,19 °C
2024-02-01 02:27:00,19.9 °C,19 °C
2024-02-01 02:30:00,19.9 °C,19 °C
2024-02-01 02:31:00,19.9 °C,19 °C
2024-02-01 02:33:00,19.8 °C,19 °C
2024-02-01 02:34:00,19.8 °C,19 °C
2024-02-01 02:38:00,19.8 °C,19 °C
2024-02-01 02:39:00,19.8 °C,19 °C
2024-02-01 02:40:00,19.8 °C,19 °C
2024-02-01 02:42:00,19.8 °C,19 °C
2024-02-01 02:43:00,19.8 °C,19 °C
2024-02-01 02:46:00,19.8 °C,19 °C
2024-02-01 02:47:00,19.8 °C,19 °C
2024-02-01 02:50:00,19.8 °C,19 °C
2024-02-01 02:54:00,19.7 °C,19 °C
2024-02-01 02:55:00,19.7 °C,19 °C
2024-02-01 02:58:00,19.7 °C,19 °C
2024-02-01 02:59:00,19.7 °C,19 °C
2024-02-01 03:00:00,19.7 °C,19 °C
2024-02-01 03:02:00,19.7 °C,19 °C
2024-02-01 03:06:00,19.7 °C,19 °C
2024-02-01 03:07:00,19.7 °C,19 °C
2024-02-01 03:09:00,19.7 °C,19 °C
2024-02-01 03:11:00,19.7 °C,19 °C
2024-02-01 03:12:00,19.7 °C,19 °C
2024-02-01 03:13:00,19.7 °C,19 °C
2024-02-01 03:14:00,19.7 °C,19 °C
2024-02-01 03:16:00,19.6 °C,19 °C
2024-02-01 03:17:00,19.7 °C,19 °C
2024-02-01 03:19:00,19.6 °C,19 °C
2024-02-01 03:20:00,19.6 °C,19 °C
2024-02-01 03:21:00,19.6 °C,19 °C
2024-02-01 03:23:00,19.6 °C,19 °C
2024-02-01 03:30:00,19.6 °C,19 °C
2024-02-01 03:31:00,19.6 °C,19 °C
2024-02-01 03:34:00,19.6 °C,19 °C
2024-02-01 03:36:00,19.6 °C,19 °C
2024-02-01 03:39:00,19.6 °C,19 °C
2024-02-01 03:42:00,19.6 °C,19 °C
2024-02-01 03:43:00,19.5 °C,19 °C
2024-02-01 03:44:00,19.5 °C,19 °C
2024-02-01 03:47:00,19.5 °C,19 °C
2024-02-01 03:48:00,19.5 °C,19 °C
2024-02-01 03:49:00,19.5 °C,19 °C
2024-02-01 03:51:00,19.5 °C,19 °C
2024-02-01 03:53:00,19.5 °C,19 °C
2024-02-01 03:55:00,19.5 °C,19 °C
2024-02-01 03:56:00,19.5 °C,19 °C
2024-02-01 03:57:00,19.5 °C,19 °C
2024-02-01 03:58:00,19.5 °C,19 °C
2024-02-01 03:59:00,19.5 °C,19 °C
2024-02-01 04:03:00,19.5 °C,19 °C
2024-02-01 04:07:00,19.4 °C,19 °C
2024-02-01 04:12:00,19.4 °C,19 °C
2024-02-01 04:15:00,19.4 °C,19 °C
2024-02-01 04:18:00,19.4 °C,19 °C
2024-02-01 04:20:00,19.4 °C,19 °C
2024-02-01 04:24:00,19.4 °C,19 °C
2024-02-01 04:26:00,19.4 °C,19 °C
2024-02-01 04:27:00,19.4 °C,19 °C
2024-02-01 04:29:00,19.4 °C,19 °C
2024-02-01 04:33:00,19.4 °C,19 °C
2024-02-01 04:34:00,19.4 °C,19 °C
2024-02-01 04:36:00,19.3 °C,19 °C
2024-02-01 04:39:00,19.3 °C,19 °C
2024-02-01 04:44:00,19.3 °C,19 °C
2024-02-01 04:46:00,19.3 °C,19 °C
2024-02-01 04:51:00,19.3 °C,19 °C
2024-02-01 04:52:00,19.3 °C,19 °C
2024-02-01 04:53:00,19.3 °C,19 °C
2024-02-01 04:54:00,19.3 °C,19 °C
2024-02-01 04:55:00,19.3 °C,19 °C
2024-02-01 04:56:00,19.3 °C,19 °C
2024-02-01 04:58:00,19.3 °C,19 °C
2024-02-01 05:02:00,19.3 °C,19 °C
2024-02-01 05:06:00,19.2 °C,19 °C
2024-02-01 05:07:00,19.2 °C,19 °C
2024-02-01 05:11:00,19.2 °C,19 °C
2024-02-01 05:14:00,19.2 °C,19 °C
2024-02-01 05:16:00,19.2 °C,19 °C
2024-02-01 05:19:00,19.2 °C,19 °C
2024-02-01 05:24:00,19.2 °C,19 °C
2024-02-01 05:27:00,19.2 °C,19 °C
2024-02-01 05:32:00,19.2 °C,19 °C
2024-02-01 05:35:00,19.2 °C,19 °C
2024-02-01 05:37:00,19.1 °C,19 °C
2024-02-01 05:39:00,19.1 °C,19 °C
2024-02-01 05:41:00,19.1 °C,19 °C
2024-02-01 05:42:00,19.1 °C,19 °C
2024-02-01 05:43:00,19.1 °C,19 °C
2024-02-01 05:44:00,19.1 °C,19 °C
2024-02-01 05:45:00,19.1 °C,19 °C
2024-02-01 05:46:00,19.1 °C,19 °C
2024-02-01 05:47:00,19.1 °C,19 °C
2024-02-01 05:48:00,19.1 °C,19 °C
2024-02-01 05:50:00,19.1 °C,19 °C
2024-02-01 05:52:00,19.1 °C,19 °C
2024-02-01 05:58:00,19.1 °C,19 °C
2024-02-01 06:02:00,19.1 °C,19 °C
2024-02-01 06:07:00,19.1 °C,19 °C
2024-02-01 06:11:00,19.1 °C,19 °C
2024-02-01 06:15:00,19.1 °C,19 °C
2024-02-01 06:17:00,19.1 °C,19 °C
2024-02-01 06:30:00,19.0 °C,19 °C
2024-02-01 06:41:00,19.0 °C,19 °C
2024-02-01 06:43:00,19.0 °C,19 °C
2024-02-01 06:45:00,19.0 °C,19 °C
2024-02-01 06:50:00,19.0 °C,19 °C
2024-02-01 07:00:00,19.0 °C,19 °C
2024-02-01 07:03:00,19.0 °C,19 °C
2024-02-01 07:04:00,19.0 °C,19 °C
2024-02-01 07:09:00,19 °C,19 °C
2024-02-01 07:12:00,19.0 °C,19 °C
2024-02-01 07:28:00,19 °C,19 °C
2024-02-01 07:48:00,19 °C,19 °C
2024-02-01 08:06:00,19 °C,19 °C
2024-02-01 08:10:00,19 °C,19 °C
2024-02-01 08:11:00,19 °C,19 °C
2024-02-01 08:19:00,19 °C,19 °C
2024-02-01 08:20:00,19 °C,19 °C
2024-02-01 08:25:00,19 °C,19 °C
2024-02-01 08:26:00,19 °C,19 °C
2024-02-01 08:36:00,19.0 °C,19 °C
2024-02-01 08:38:00,19.0 °C,19 °C
2024-02-01 08:40:00,19.0 °C,19 °C
2024-02-01 08:41:00,19.0 °C,19 °C
2024-02-01 08:42:00,18.9 °C,19 °C
2024-02-01 08:43:00,18.9 °C,19 °C
2024-02-01 08:44:00,18.9 °C,19 °C
2024-02-01 08:45:00,18.9 °C,19 °C
2024-02-01 08:46:00,18.9 °C,19 °C
2024-02-01 08:47:00,18.9 °C,19 °C
2024-02-01 08:48:00,18.9 °C,19 °C
2024-02-01 08:50:00,18.8 °C,19 °C
2024-02-01 08:53:00,18.8 °C,19 °C
2024-02-01 08:54:00,18.8 °C,19 °C
2024-02-01 08:56:00,18.8 °C,19 °C
2024-02-01 09:04:00,18.8 °C,19 °C
2024-02-01 09:06:00,18.9 °C,19 °C
2024-02-01 09:08:00,18.9 °C,19 °C
2024-02-01 09:09:00,18.9 °C,19 °C
2024-02-01 09:11:00,18.9 °C,19 °C
2024-02-01 09:13:00,18.8 °C,19 °C
2024-02-01 09:16:00,18.9 °C,19 °C
2024-02-01 09:20:00,18.9 °C,19 °C
2024-02-01 09:21:00,18.9 °C,19 °C
2024-02-01 09:23:00,18.9 °C,19 °C
2024-02-01 09:24:00,18.9 °C,19 °C
2024-02-01 09:26:00,18.9 °C,19 °C
2024-02-01 09:27:00,18.9 °C,19 °C
2024-02-01 09:29:00,18.9 °C,19 °C
2024-02-01 09:32:00,18.9 °C,19 °C
2024-02-01 09:34:00,18.9 °C,19 °C
2024-02-01 09:37:00,19.0 °C,19 °C
2024-02-01 09:41:00,19.0 °C,19 °C
2024-02-01 09:42:00,19.0 °C,19 °C
2024-02-01 09:47:00,19.0 °C,19 °C
2024-02-01 09:49:00,19.0 °C,19 °C
2024-02-01 09:56:00,19.0 °C,19 °C
2024-02-01 09:57:00,19.0 °C,19 °C
2024-02-01 09:58:00,19.0 °C,19 °C
2024-02-01 10:03:00,19.0 °C,19 °C
2024-02-01 10:08:00,19.0 °C,19 °C
2024-02-01 10:15:00,19.0 °C,19 °C
2024-02-01 10:16:00,19.0 °C,19 °C
2024-02-01 10:18:00,19.0 °C,19 °C
2024-02-01 10:20:00,19.0 °C,19 °C
2024-02-01 10:25:00,19.0 °C,19 °C
2024-02-01 10:28:00,19.0 °C,19 °C
2024-02-01 10:33:00,19 °C,19 °C
2024-02-01 10:40:00,19 °C,19 °C
2024-02-01 10:43:00,19 °C,19 °C
2024-02-01 10:44:00,19 °C,19 °C
2024-02-01 10:48:00,19 °C,19 °C
2024-02-01 10:49:00,19 °C,19 °C
2024-02-01 10:51:00,19 °C,19 °C
2024-02-01 10:55:00,19 °C,19 °C
2024-02-01 10:57:00,19.0 °C,19 °C
2024-02-01 11:00:00,19.0 °C,19 °C
2024-02-01 11:01:00,19.0 °C,19 °C
2024-02-01 11:07:00,19.0 °C,19 °C
2024-02-01 11:13:00,19.0 °C,19 °C
2024-02-01 11:18:00,19.0 °C,19 °C
2024-02-01 11:21:00,19.0 °C,19 °C
2024-02-01 11:22:00,19.0 °C,19 °C
2024-02-01 11:26:00,19.0 °C,19 °C
2024-02-01 11:27:00,19.1 °C,19 °C
2024-02-01 11:29:00,19.1 °C,19 °C
2024-02-01 11:30:00,19.1 °C,19 °C
2024-02-01 11:31:00,19.1 °C,19 °C
2024-02-01 11:32:00,19.1 °C,19 °C
2024-02-01 11:33:00,19.1 °C,19 °C
2024-02-01 11:38:00,19.1 °C,19 °C
2024-02-01 11:39:00,19.1 °C,19 °C
2024-02-01 11:42:00,19.1 °C,19 °C
2024-02-01 11:43:00,19.1 °C,19 °C
2024-02-01 11:44:00,19.1 °C,19 °C
2024-02-01 11:46:00,19.1 °C,19 °C
2024-02-01 11:47:00,19.1 °C,19 °C
2024-02-01 11:50:00,19.1 °C,19 °C
2024-02-01 11:51:00,19.1 °C,19 °C
2024-02-01 11:53:00,19.1 °C,19 °C
2024-02-01 11:54:00,19.1 °C,19 °C
2024-02-01 11:55:00,19.1 °C,19 °C
2024-02-01 11:57:00,19.1 °C,19 °C
2024-02-01 12:02:00,19.1 °C,19 °C
2024-02-01 12:07:00,19.1 °C,19 °C
2024-02-01 12:09:00,19.1 °C,19 °C
2024-02-01 12:10:00,19.1 °C,19 °C
2024-02-01 12:11:00,19.1 °C,19 °C
2024-02-01 12:12:00,19.1 °C,19 °C
2024-02-01 12:14:00,19.1 °C,19 °C
2024-02-01 12:15:00,19.1 °C,19 °C
2024-02-01 12:17:00,19.1 °C,19 °C
2024-02-01 12:18:00,19.1 °C,19 °C
2024-02-01 12:19:00,19.1 °C,19 °C
2024-02-01 12:20:00,19.1 °C,19 °C
2024-02-01 12:21:00,19.1 °C,19 °C
2024-02-01 12:22:00,19.1 °C,19 °C
2024-02-01 12:24:00,19.1 °C,19 °C
2024-02-01 12:32:00,19.1 °C,19 °C
2024-02-01 12:34:00,19.1 °C,19 °C
2024-02-01 12:36:00,19.1 °C,19 °C
2024-02-01 12:38:00,19.1 °C,19 °C
2024-02-01 12:39:00,19.1 °C,19 °C
2024-02-01 12:40:00,19.1 °C,19 °C
2024-02-01 12:41:00,19.1 °C,19 °C
2024-02-01 12:42:00,19.1 °C,19 °C
2024-02-01 12:44:00,19.1 °C,19 °C
2024-02-01 12:47:00,19.1 °C,19 °C
2024-02-01 12:48:00,19.1 °C,19 °C
2024-02-01 12:49:00,19.1 °C,19 °C
2024-02-01 12:51:00,19.1 °C,19 °C
2024-02-01 12:54:00,19.1 °C,19 °C
2024-02-01 12:56:00,19.1 °C,19 °C
2024-02-01 12:57:00,19.1 °C,19 °C
2024-02-01 12:58:00,19.1 °C,19 °C
2024-02-01 13:02:00,19.1 °C,19 °C
2024-02-01 13:07:00,19.1 °C,19 °C
2024-02-01 13:08:00,19.1 °C,19 °C
2024-02-01 13:09:00,19.0 °C,19 °C
2024-02-01 13:10:00,19.0 °C,19 °C
2024-02-01 13:12:00,19.0 °C,19 °C
2024-02-01 13:14:00,19.0 °C,19 °C
2024-02-01 13:15:00,19.0 °C,19 °C
2024-02-01 13:17:00,19 °C,19 °C
2024-02-01 13:19:00,19 °C,19 °C
2024-02-01 13:20:00,19 °C,19 °C
2024-02-01 13:22:00,19 °C,19 °C
2024-02-01 13:23:00,19 °C,19 °C
2024-02-01 13:24:00,19 °C,19 °C
2024-02-01 13:25:00,19 °C,19 °C
2024-02-01 13:34:00,19 °C,19 °C
2024-02-01 13:36:00,19 °C,20 °C
2024-02-01 13:37:00,19.0 °C,20 °C
2024-02-01 13:38:00,19.0 °C,20 °C
2024-02-01 13:39:00,19 °C,20 °C
2024-02-01 13:40:00,19.0 °C,20 °C
2024-02-01 13:41:00,19 °C,20 °C
2024-02-01 13:42:00,19 °C,20 °C
2024-02-01 13:43:00,19.0 °C,20 °C
2024-02-01 13:45:00,19.0 °C,20 °C
2024-02-01 13:46:00,19.0 °C,20 °C
2024-02-01 13:48:00,19.0 °C,20 °C
2024-02-01 13:49:00,19.1 °C,20 °C
2024-02-01 13:51:00,19.1 °C,20 °C
2024-02-01 13:52:00,19.1 °C,20 °C
2024-02-01 13:54:00,19.1 °C,20 °C
2024-02-01 13:55:00,19.1 °C,20 °C
2024-02-01 13:56:00,19.1 °C,20 °C
2024-02-01 13:57:00,19.1 °C,20 °C
2024-02-01 13:58:00,19.1 °C,20 °C
2024-02-01 13:59:00,19.1 °C,20 °C
2024-02-01 14:00:00,19.1 °C,20 °C
2024-02-01 14:01:00,19.1 °C,20 °C
2024-02-01 14:02:00,19.1 °C,20 °C
2024-02-01 14:03:00,19.1 °C,20 °C
2024-02-01 14:04:00,19.1 °C,20 °C
2024-02-01 14:06:00,19.2 °C,20 °C
2024-02-01 14:07:00,19.2 °C,20 °C
2024-02-01 14:08:00,19.2 °C,20 °C
2024-02-01 14:10:00,19.2 °C,20 °C
2024-02-01 14:11:00,19.2 °C,20 °C
2024-02-01 14:12:00,19.2 °C,20 °C
2024-02-01 14:13:00,19.2 °C,20 °C
2024-02-01 14:14:00,19.2 °C,20 °C
2024-02-01 14:15:00,19.2 °C,20 °C
2024-02-01 14:16:00,19.2 °C,20 °C
2024-02-01 14:17:00,19.2 °C,20 °C
2024-02-01 14:18:00,19.3 °C,20 °C
2024-02-01 14:19:00,19.3 °C,20 °C
2024-02-01 14:20:00,19.3 °C,20 °C
2024-02-01 14:21:00,19.3 °C,20 °C
2024-02-01 14:22:00,19.3 °C,20 °C
2024-02-01 14:23:00,19.3 °C,20 °C
2024-02-01 14:24:00,19.3 °C,20 °C
2024-02-01 14:25:00,19.3 °C,20 °C
2024-02-01 14:26:00,19.4 °C,20 °C
2024-02-01 14:27:00,19.4 °C,20 °C
2024-02-01 14:28:00,19.4 °C,20 °C
2024-02-01 14:29:00,19.4 °C,20 °C
2024-02-01 14:30:00,19.4 °C,20 °C
2024-02-01 14:31:00,19.4 °C,20 °C
2024-02-01 14:32:00,19.4 °C,20 °C
2024-02-01 14:34:00,19.5 °C,20 °C
2024-02-01 14:35:00,19.5 °C,20 °C
2024-02-01 14:36:00,19.5 °C,20 °C
2024-02-01 14:37:00,19.5 °C,20 °C
2024-02-01 14:39:00,19.5 °C,20 °C
2024-02-01 14:40:00,19.5 °C,20 °C
2024-02-01 14:41:00,19.5 °C,20 °C
2024-02-01 14:44:00,19.5 °C,20 °C
2024-02-01 14:45:00,19.6 °C,20 °C
2024-02-01 14:47:00,19.6 °C,20 °C
2024-02-01 14:48:00,19.6 °C,20 °C
2024-02-01 14:49:00,19.6 °C,20 °C
2024-02-01 14:51:00,19.6 °C,20 °C
2024-02-01 14:52:00,19.6 °C,20 °C
2024-02-01 14:54:00,19.6 °C,20 °C
2024-02-01 14:55:00,19.6 °C,20 °C
2024-02-01 14:56:00,19.6 °C,20 °C
2024-02-01 14:58:00,19.6 °C,20 °C
2024-02-01 15:00:00,19.7 °C,20 °C
2024-02-01 15:01:00,19.7 °C,20 °C
2024-02-01 15:02:00,19.7 °C,20 °C
2024-02-01 15:10:00,19.7 °C,20 °C
2024-02-01 15:11:00,19.7 °C,20 °C
2024-02-01 15:12:00,19.7 °C,20 °C
2024-02-01 15:13:00,19.7 °C,20 °C
2024-02-01 15:14:00,19.7 °C,20 °C
2024-02-01 15:15:00,19.7 °C,20 °C
2024-02-01 15:17:00,19.7 °C,20 °C
2024-02-01 15:18:00,19.7 °C,20 °C
2024-02-01 15:22:00,19.7 °C,20 °C
2024-02-01 15:24:00,19.7 °C,20 °C
2024-02-01 15:26:00,19.7 °C,20 °C
2024-02-01 15:28:00,19.8 °C,20 °C
2024-02-01 15:29:00,19.7 °C,20 °C
2024-02-01 15:32:00,19.8 °C,20 °C
2024-02-01 15:34:00,19.8 °C,20 °C
2024-02-01 15:37:00,19.8 °C,20 °C
2024-02-01 15:38:00,19.8 °C,20 °C
2024-02-01 15:39:00,19.8 °C,20 °C
2024-02-01 15:42:00,19.8 °C,20 °C
2024-02-01 15:43:00,19.8 °C,20 °C
2024-02-01 15:53:00,19.8 °C,20 °C
2024-02-01 15:54:00,19.8 °C,20 °C
2024-02-01 15:55:00,19.8 °C,20 °C
2024-02-01 15:57:00,19.8 °C,20 °C
2024-02-01 15:59:00,19.8 °C,20 °C
2024-02-01 16:00:00,19.8 °C,20 °C
2024-02-01 16:05:00,19.8 °C,20 °C
2024-02-01 16:14:00,19.8 °C,20 °C
2024-02-01 16:17:00,19.8 °C,20 °C
2024-02-01 16:22:00,19.8 °C,20 °C
2024-02-01 16:28:00,19.8 °C,20 °C
2024-02-01 16:29:00,19.8 °C,20 °C
2024-02-01 16:30:00,19.8 °C,20 °C
2024-02-01 16:34:00,19.8 °C,20 °C
2024-02-01 16:38:00,19.8 °C,20 °C
2024-02-01 16:44:00,19.8 °C,20 °C
2024-02-01 16:45:00,19.8 °C,20 °C
2024-02-01 16:46:00,19.9 °C,20 °C
2024-02-01 16:47:00,19.9 °C,20 °C
2024-02-01 16:48:00,19.9 °C,20 °C
2024-02-01 16:49:00,19.9 °C,20 °C
2024-02-01 16:51:00,19.9 °C,20 °C
2024-02-01 16:53:00,19.9 °C,20 °C
2024-02-01 16:59:00,19.9 °C,20 °C
2024-02-01 17:00:00,19.9 °C,20 °C
2024-02-01 17:01:00,19.9 °C,20 °C
2024-02-01 17:09:00,19.9 °C,20 °C
2024-02-01 17:11:00,19.9 °C,20 °C
2024-02-01 17:16:00,19.9 °C,20 °C
2024-02-01 17:22:00,19.9 °C,20 °C
2024-02-01 17:28:00,19.9 °C,20 °C
2024-02-01 17:29:00,19.9 °C,20 °C
2024-02-01 17:31:00,19.9 °C,20 °C
2024-02-01 17:32:00,19.9 °C,20 °C
2024-02-01 17:34:00,20.0 °C,20 °C
2024-02-01 17:37:00,20.0 °C,20 °C
2024-02-01 17:41:00,20.0 °C,20 °C
2024-02-01 17:43:00,20.0 °C,20 °C
2024-02-01 17:49:00,20.0 °C,20 °C
2024-02-01 17:59:00,20.0 °C,20 °C
2024-02-01 18:00:00,20.0 °C,20 °C
2024-02-01 18:05:00,20 °C,20 °C
2024-02-01 18:11:00,20 °C,20 °C
2024-02-01 18:19:00,20 °C,20 °C
2024-02-01 18:39:00,20 °C,20 °C
2024-02-01 18:40:00,20 °C,20 °C
2024-02-01 18:41:00,20 °C,20 °C
2024-02-01 19:01:00,20.0 °C,20 °C
2024-02-01 19:15:00,20.0 °C,20 °C
2024-02-01 19:22:00,20.0 °C,20 °C
2024-02-01 19:23:00,20.0 °C,20 °C
2024-02-01 19:27:00,20.0 °C,20 °C
2024-02-01 19:29:00,20.0 °C,20 °C
2024-02-01 19:30:00,20.0 °C,20 °C
2024-02-01 19:32:00,20.0 °C,20 °C
2024-02-01 19:41:00,20.0 °C,20 °C
2024-02-01 19:44:00,20.0 °C,20 °C
2024-02-01 19:45:00,20.1 °C,20 °C
2024-02-01 19:49:00,20.1 °C,20 °C
2024-02-01 19:50:00,20.1 °C,20 °C
2024-02-01 19:51:00,20.1 °C,20 °C
2024-02-01 19:52:00,20.1 °C,20 °C
2024-02-01 19:53:00,20.1 °C,20 °C
2024-02-01 19:54:00,20.1 °C,20 °C
2024-02-01 19:59:00,20.1 °C,20 °C
2024-02-01 20:00:00,20.1 °C,20 °C
2024-02-01 20:01:00,20.1 °C,20 °C
2024-02-01 20:03:00,20.1 °C,20 °C
2024-02-01 20:04:00,20.1 °C,20 °C
2024-02-01 20:06:00,20.1 °C,20 °C
2024-02-01 20:07:00,20.0 °C,20 °C
2024-02-01 20:08:00,20.0 °C,20 °C
2024-02-01 20:09:00,20.0 °C,20 °C
2024-02-01 20:10:00,20.0 °C,20 °C
2024-02-01 20:14:00,20.0 °C,20 °C
2024-02-01 20:17:00,20.0 °C,20 °C
2024-02-01 20:24:00,20.0 °C,20 °C
2024-02-01 20:28:00,20.0 °C,20 °C
2024-02-01 20:38:00,20.0 °C,20 °C
2024-02-01 20:40:00,20.0 °C,20 °C
2024-02-01 20:41:00,20.0 °C,20 °C
2024-02-01 20:56:00,20.0 °C,20 °C
2024-02-01 21:01:00,20.0 °C,20 °C
2024-02-01 21:15:00,20.0 °C,20 °C
2024-02-01 21:17:00,20.0 °C,20 °C
2024-02-01 21:21:00,20.0 °C,20 °C
2024-02-01 21:29:00,20.0 °C,20 °C
2024-02-01 21:33:00,20.0 °C,20 °C
2024-02-01 21:41:00,20.0 °C,20 °C
2024-02-01 21:44:00,20.0 °C,20 °C
2024-02-01 21:47:00,20.0 °C,20 °C
2024-02-01 21:48:00,20 °C,20 °C
2024-02-01 22:05:00,20.0 °C,20 °C
2024-02-01 22:18:00,20.0 °C,20 °C
2024-02-01 22:19:00,20.0 °C,20 °C
2024-02-01 22:22:00,20.0 °C,20 °C
2024-02-01 22:23:00,20.0 °C,20 °C
2024-02-01 22:27:00,20.0 °C,20 °C
2024-02-01 22:30:00,20.0 °C,20 °C
2024-02-01 22:34:00,20.0 °C,20 °C
2024-02-01 22:54:00,20.0 °C,20 °C
2024-02-01 22:56:00,20.0 °C,20 °C
2024-02-01 22:58:00,20.0 °C,20 °C
2024-02-01 22:59:00,20.0 °C,19 °C
2024-02-01 23:01:00,20.0 °C,19 °C
2024-02-01 23:02:00,20.0 °C,19 °C
2024-02-01 23:03:00,20.0 °C,19 °C
2024-02-01 23:04:00,20.0 °C,19 °C
2024-02-01 23:05:00,20 °C,19 °C
2024-02-01 23:06:00,20.0 °C,19 °C
2024-02-01 23:07:00,20.0 °C,19 °C
2024-02-01 23:08:00,20.0 °C,19 °C
2024-02-01 23:09:00,20.0 °C,19 °C
2024-02-01 23:10:00,20.0 °C,19 °C
2024-02-01 23:11:00,19.9 °C,19 °C
2024-02-01 23:12:00,19.9 °C,19 °C
2024-02-01 23:13:00,19.9 °C,19 °C
2024-02-01 23:14:00,19.9 °C,19 °C
2024-02-01 23:16:00,19.9 °C,19 °C
2024-02-01 23:18:00,19.9 °C,19 °C
2024-02-01 23:22:00,19.9 °C,19 °C
2024-02-01 23:24:00,19.9 °C,19 °C
2024-02-01 23:30:00,19.9 °C,19 °C
2024-02-01 23:31:00,19.9 °C,19 °C
2024-02-01 23:32:00,19.9 °C,19 °C
2024-02-01 23:33:00,19.9 °C,19 °C
2024-02-01 23:34:00,19.8 °C,19 °C
2024-02-01 23:35:00,19.8 °C,19 °C
2024-02-01 23:36:00,19.8 °C,19 °C
2024-02-01 23:37:00,19.8 °C,19 °C
2024-02-01 23:38:00,19.8 °C,19 °C
2024-02-01 23:40:00,19.8 °C,19 °C
2024-02-01 23:42:00,19.8 °C,19 °C
2024-02-01 23:44:00,19.8 °C,19 °C
2024-02-01 23:46:00,19.8 °C,19 °C
2024-02-01 23:47:00,19.7 °C,19 °C
2024-02-01 23:49:00,19.7 °C,19 °C
2024-02-01 23:50:00,19.7 °C,19 °C
2024-02-01 23:51:00,19.7 °C,19 °C
2024-02-01 23:52:00,19.7 °C,19 °C
2024-02-01 23:55:00,19.7 °C,19 °C
2024-02-01 23:56:00,19.7 °C,19 °C
2024-02-01 23:57:00,19.7 °C,19 °C
2024-02-01 23:58:00,19.7 °C,19 °C
2024-02-01 23:59:00,19.6 °C,19 °C