date,1,2,3,4,5,6,7,8,9,10,11,12,13,14,15,16,17,18,19,20,21,22,23,24,25,26,27,28,29,30,31,32,33,34,35,36,37
2/11/2025 0:00,0.431068172,0.192140822,0.104295653,0.176520591,0.171931775,0.136049381,-0.072370688,0.225631826,0.888947395,0.096045611,0.054116976,0.112410483,0.153437746,0.160701151,0.168666669,2.189666672,0.432864861,0.081947819,0.172489379,0.241358051,0.382113494,0.101086958,0.231658009,0.100489359,0.102984576,0.246209764,0.24133334,0.157268295,0.060977528,0.312832517,0.067782611,0.104888888,0.185247192,0.219277304,0.128723798,0.118609757,0
2/11/2025 0:15,0.130666666,0.136973662,0.104144939,0.067856201,0.159755547,0.113123456,0.07286667,0.217422217,0.209923074,0.114352366,-0.047166668,0.139155058,0.193621683,0.131160919,0.090427911,3.901478278,0.253555558,0.091724628,0.12886526,0.141511123,0.296796312,0.093000001,0.152999991,0.08882539,0.140677771,0.188629308,0.245153546,0.131179013,0.060325581,0.479347568,0.048936171,0.915888878,0.220411766,0.157452378,0.141895231,0.119390244,0
2/11/2025 0:30,0.144627903,0.256466672,0.161782971,0.114703964,0.140473404,0.131888889,0.024627896,0.206644448,0.157527026,0.206227772,0.060882351,0.107351529,0.161489159,0.120155044,0.277177779,4.263638324,0.297545454,0.059179711,0.078075166,0.197263577,0.238966673,0.123465117,0.172457254,0.050825397,0.150682919,0.206711138,0.24950001,0.497197538,0.065643679,0.380536588,0.131297873,0.276321839,0.069373595,0.162938098,0.225938082,0.059951219,0
2/11/2025 0:45,0.199666663,0.154906363,0.105313659,0.149109334,0.24341269,0.101395062,0.02475396,0.213977769,0.137189192,0.14883835,-0.118412699,0.164259167,0.185851403,0.102224139,0.220666663,4.378397083,0.240129871,0.051181819,0.09770781,0.165933334,0.148277777,0.103000001,0.210879457,0.10837778,0.114454023,0.269957716,0.280576468,1.588414663,0.081764048,0.211547979,0.089521741,0.82816853,0.276358054,0.231670587,0.184990471,-0.228969512,0
2/11/2025 1:00,0.211123596,0.20722226,0.109985029,0.199191548,0.131361243,0.131358025,0.028039389,0.47494756,0.200532466,0.100055564,0.05695303,0.133151167,0.213845792,0.179896551,0.207307693,2.890488854,-0.046158008,0.111939131,0.120983342,0.17497778,0.108576244,0.131125004,0.226599998,0.103088889,0.054685398,0.193925207,0.24002222,0.873987658,0.08788889,0.464543075,-0.046208331,0.717166649,0.252034447,0.197723813,0.19824761,0.089691354,0
2/11/2025 1:15,0.212999999,0.214038091,0.128075365,0.169202686,0.199888883,0.110654321,0.028513107,0.181289386,0.166461539,0.085933333,0.062459082,0.100805993,0.174608124,0.264494253,0.119095132,1.586207094,0.120933334,0.120869567,0.104822224,0.153522107,0.136089138,0.123260871,0.260145993,0.118991303,0.065186438,0.239710592,0.207696309,1.146641968,0.063786517,0.278185365,0.092037271,0.393777779,0.24027415,0.212478994,0.191661903,0.081949471,0
2/11/2025 1:30,0.209590907,0.182911105,0.160944919,0.114643098,0.102266662,0.118308641,0.02194444,1.118222204,0.131603898,0.100385136,0.057900438,0.131286915,0.141933332,0.220777779,0.327878159,1.53920459,0.10841025,0.050391305,0.087791668,0.160912371,0.139047128,0.109000001,0.172300443,0.154293637,0.135586108,0.183740392,0.28509167,1.018404291,0.057285714,0.369337335,0.080195657,0.956888899,0.205871916,0.289095242,0.245723804,0.207466897,0
2/11/2025 1:45,0.116370783,0.193652762,0.099634779,0.109685447,0.246384265,0.125941176,0.032999999,0.675361125,0.186108109,0.236035298,0.105136645,0.18474603,0.239704071,0.17567442,0.224839077,1.622435904,0.302827054,0.104488888,0.112078256,0.182564346,0.057611119,0.093000001,0.172466683,0.145391294,0.137168584,0.252715459,0.247705671,0.775681462,0.079666666,0.560016245,0.016880338,0.092111113,0.129619386,0.361333333,0.22883332,0.19625691,0
2/11/2025 2:00,0.109999999,0.208687355,0.107137587,0.146628457,0.128851153,0.128059701,0.032999999,0.148666649,0.207733332,0.241428072,0.106352938,0.087638942,0.169918516,0.133574713,0.019800007,1.564132195,0.105219901,0.087892754,0.11127083,0.405799993,0.212215736,0.113000001,0.197409022,0.118260861,0.130604547,0.20626504,0.25284168,0.423324009,0.060965117,0.359204879,0.060249647,0.888058848,0.123149317,0.691171439,0.154933318,0.095958338,0
2/11/2025 2:15,0.123568181,0.180442851,0.143292745,0.200675037,0.158244447,0.099666667,0.046333333,0.24549849,0.134216217,0.173707245,0.107928572,0.116129584,0.166621684,0.172156627,0.311111124,1.475980686,0.133972971,0.10064058,0.086688891,0.170751414,0.110057668,0.158510638,0.093652628,0.054044445,0.104763885,0.208185347,0.307266667,0.08775,-0.130722222,0.585598381,0.035700706,0.546555551,0.120191804,0.239461897,0.205495218,0.147583737,0
2/11/2025 2:30,0.133222223,0.164200012,0.151472825,0.223639697,0.169222231,0.141148149,-0.206959767,0.143088884,0.152090912,0.118104109,0.100816908,0.173116858,0.203930121,0.140816091,0.197719105,1.286574452,0.185318836,0.096971011,0.106981561,0.178955526,0.116938094,0.093000001,0.223938463,-0.102891303,0.137370041,0.238989869,0.198686416,1.292753089,0.199088885,0.579483341,0.055000001,0.507883716,0.175624997,0.266760795,0.236023811,0.05918374,0
2/11/2025 2:45,0.322280306,0.233022225,0.13775756,0.239749382,0.16605242,0.103123456,0.047272668,0.189955558,0.212999999,0.094233327,0.104112626,0.137399987,0.247172683,0.167827586,0.167777779,1.5675884,0.186815789,0.050224239,0.116747825,0.084381407,0.162266665,0.093000001,0.216953243,-0.083444445,0.147473689,0.492367487,0.329399691,0.224620643,0.147413351,0.304467987,0.040353526,0.994000011,0.14564644,0.22815241,0.332842271,0.130409405,0
2/11/2025 3:00,0.226622467,0.157894315,0.135533324,0.128189438,0.19766667,0.139999999,0.028652604,0.398555546,0.183233335,0.323049972,0.11643608,0.118128784,0.226805628,0.153574712,0.121977001,1.604194351,0.191645573,0.036588404,0.081133326,0.149133334,0.09723897,0.11952174,0.197006944,0.125019858,0.099511944,0.370484573,0.335358331,0.041458332,0.234856304,0.418279658,0.098263763,0.128617981,0.065407486,0.258852385,0.195323825,0.181602465,0
2/11/2025 3:15,0.20745303,0.174587267,0.117288889,0.155276404,0.145977782,0.111395061,0.033101122,0.11962121,0.201430763,0.200587733,0.063236131,0.141118359,0.242267461,0.157767441,0.202733323,1.678631904,0.141853178,0.135173914,0.137777777,0.15560455,0.154377776,0.064144927,0.223164115,0.104612755,0.129337623,0.351021134,0.42532099,0.062435466,0.278944457,0.486281306,0.130599992,0.945808992,0.107111106,0.261639714,0.214019519,0.12671189,0
2/11/2025 3:30,0.254846153,0.136644447,0.165377308,0.096933328,0.161908425,0.11954321,0.081797205,0.196151725,0.215200004,0.1744,0.108682766,0.098440994,0.237025715,0.157827587,0.255555553,1.649744691,0.289016437,0.056321738,0.122509213,0.164449424,0.117822217,0.182017395,0.174953839,0.091463752,0.126622222,0.278603252,0.514833332,0.18689106,0.136822217,0.329133325,0.144777776,0.766172417,0.158117243,0.277914297,0.195447641,0.096299187,0
2/11/2025 3:45,0.247452388,0.194733325,0.146669574,0.160148786,0.207353559,0.091500879,0.063836703,0.168899644,0.187114298,0.100729655,0.092889522,0.144022222,0.175355822,0.157942529,0.272069774,4.403481215,0.03333333,0.049384845,0.134330431,0.211930225,0.103335954,0.186127543,0.156691214,0.134321736,0.119327779,0.270634145,0.433333333,0.18869383,0.163052441,0.422448779,0.11315057,0.157844446,0.149244446,0.364552952,0.241745095,0.085576654,0
2/11/2025 4:00,0.240440638,0.229718177,0.167063762,0.177895138,0.175622221,0.113195631,0.071888887,0.183285709,-0.017860269,0.075258928,0.112424707,0.104789413,0.309749392,0.16208046,0.271876406,4.354755498,-0.012724998,0.084578788,0.084121732,0.169777782,0.157797184,0.137367339,0.291264068,0.266963114,0.134593233,0.266365866,0.533530097,0.235309108,0.158566279,0.538614619,0.135162316,0.949844423,0.122150556,0.340203252,0.297623821,0.196497567,0
2/11/2025 4:15,0.250372285,0.19952515,0.157701449,0.17333136,0.136155557,0.090859788,0.027657018,0.190451538,0.148641031,0.101372948,0.066710141,0.153172277,0.188237949,0.158517243,0.168399998,3.256724952,0.11035251,0.092533335,0.121060869,0.456530216,0.10699139,0.102156522,0.220870309,-0.032191666,0.165178156,0.277227627,0.454089165,0.255160977,0.705541424,0.46966504,0.115781555,0.273582862,0.117944183,0.291147611,0.195109542,0.208258535,0
2/11/2025 4:30,0.141316104,0.157244938,0.13916521,0.141915898,0.152900786,0.126734566,0.049098124,0.167119536,-0.215285712,0.126427227,0.107056937,0.101972297,0.253171424,0.209860463,0.206222239,3.206742441,0.117317939,0.065391305,0.118722238,0.207222219,0.10762222,0.136191674,0.235839619,0.093594201,0.129333335,0.244209753,0.245298731,0.152812337,0.411444438,0.582312192,0.045391305,0.752418609,0.101399997,0.231627444,0.249576199,0.197355558,0
2/11/2025 4:45,0.141801578,0.144266662,0.184456729,0.124639654,0.194377757,0.087130864,0.089324136,0.144293636,0.196505554,0.186186305,0.095947237,0.106513632,0.192321955,0.205068963,0.166222223,3.148852472,0.23462381,0.183272467,0.147711106,0.208062509,1.0277564,0.05934279,0.263342127,0.150148937,0.10365496,0.298408541,0.315328052,0.203888881,0.315444447,0.62088328,0.106478264,0.989444463,0.18306821,0.288866672,0.221699999,0.118639026,0
2/11/2025 5:00,0.139857547,0.181799996,0.133876326,0.200123626,0.151462184,0.104535715,0.123561095,0.145444456,0.161491896,0.148409525,0.22603509,0.147377771,0.205189561,0.195298849,0.026828257,1.229765203,0.286027711,0.148355549,0.083191287,0.143527118,1.530135739,0.10695349,0.168528209,0.159595113,0.108565116,0.551590238,0.715807867,0.491967889,0.138783135,0.543995116,0.014496216,0.083000004,0.114734186,0.224004771,0.276328575,0.127967481,0
2/11/2025 5:15,0.175377777,0.144671315,0.194834043,0.197945513,0.197133321,0.219094308,0.116006894,0.19526667,0.233889473,0.115727928,0.185726022,0.181357136,0.207715442,0.184954023,0.213131228,0.356985516,0.570190472,0.124513039,0.108425013,0.172711125,1.717957764,0.100000001,0.172729977,2.075566005,0.169750001,0.289146351,0.806841026,0.637407014,0.144136364,0.828824697,0.06133333,0.827048158,0.11122097,0.257070587,0.695800596,0.143421135,0
2/11/2025 5:30,0.517437874,0.189104543,0.225540375,0.26159515,0.139286356,0.037290126,0.015398672,0.453010601,0.214929018,0.168900429,0.110125212,0.217861418,0.221871416,0.150471265,0.172777782,0.362078267,0.312666665,0.146402897,0.098774452,0.189493917,1.732588866,0.292215683,0.150064957,1.460019857,0.140226058,0.346525919,0.829212353,0.282135794,0.166000005,0.552530928,0.038084845,0.558541083,0.113714938,0.323847606,0.251223801,0.157063403,0
2/11/2025 5:45,0.329666668,0.186888892,0.26122898,0.203498374,0.226312808,0.130367729,0.073596246,0.183444455,0.147620254,0.37133332,0.09955239,0.078097349,0.38518312,0.205906979,0.171111113,0.466217397,0.281831573,0.082284721,0.635765945,0.174999988,1.69806889,1.351913046,0.161651285,0.150487944,0.11700942,0.282234154,0.312285701,0.252679002,0.166111115,0.729278055,0.114468084,0.465690469,0.129888387,0.489069844,0.541880956,0.188620418,0
2/11/2025 6:00,0.372522728,0.226355554,0.219236733,0.146074802,0.137499997,0.141659258,0.906048276,0.244155554,0.186405401,0.220505919,0.212229524,0.208805549,0.250887567,0.152310346,0.157299638,0.384785509,0.342533334,0.059362314,0.120947518,0.169262931,1.696261071,0.162112225,0.163177765,-0.153028982,0.126331746,0.288344718,0.441264188,0.281896832,0.205093026,0.570217889,0.087800002,1.024022244,0.299004531,0.522052386,0.270709524,0.199747977,0
2/11/2025 6:15,0.36005516,0.221747272,0.240306123,0.103674806,0.182200014,0.144602465,1.997753571,0.300044438,0.211485441,0.224679288,0.138551206,0.081586351,0.269675488,0.173344828,0.296355563,0.495559419,0.580471796,0.094730433,0.112644441,0.151459771,1.638715302,0.232252487,0.208619399,0.044240799,0.137950792,0.209730069,0.304140232,0.168365854,0.218764707,0.51736585,0.148391299,0.138462734,0.506611226,0.329657144,0.231838096,0.104575307,0
2/11/2025 6:30,0.34484029,0.232794025,0.245066668,0.556711379,0.125777787,0.49299381,1.905404611,0.204896628,0.256345389,0.144329722,0.163873778,0.304619048,0.244186346,0.174149425,0.227048175,0.443753629,0.401293512,0.182286954,0.128158331,0.143592426,1.761633326,0.23389855,0.181452632,0.379892766,0.19396666,0.301736915,0.437466674,0.365592594,0.184333334,0.318700815,-0.025625,0.980062961,0.271414215,0.307504761,0.196142856,0.19002113,0
2/11/2025 6:45,0.296288883,0.236236111,0.219832635,0.297540641,0.156400014,0.26062716,2.103840882,0.207048611,0.232369227,0.134384477,0.143073416,0.193815143,0.262040673,0.843459764,0.195022473,0.513804271,0.516044652,0.143199992,0.118622241,0.466555551,0.239466664,0.299960302,0.939599995,0.113466671,0.701439663,0.219300805,0.36233333,1.247444443,0.210577776,0.418265038,0.11278261,0.153133321,0.218708624,0.323399988,0.184385713,0.203079683,0
2/11/2025 7:00,0.364533334,0.690977786,0.225156524,0.337148779,0.251083138,0.293407406,2.415280866,0.251711113,0.184299969,0.094800005,0.126501932,0.143835201,0.284544576,0.284724138,0.223111106,1.02583768,0.346421596,0.241920567,0.131687494,0.249266659,0.270753937,0.323408337,0.421536986,0.171524997,0.257607293,0.202041975,0.287108333,0.772839515,0.457785019,0.517388615,0.060666663,0.888888907,0.474610602,0.307738104,0.166519046,0.231570731,0
2/11/2025 7:15,0.316999245,0.581453941,0.259391306,0.226787014,0.157422233,0.329586884,2.038280876,0.394311108,0.254465807,0.145618011,0.107009919,0.128862119,0.214702806,0.354144901,0.186066653,0.522133334,0.331666662,0.167947823,0.102974976,0.17734011,-0.118357138,0.253133317,0.69091643,0.494145104,0.244641379,0.254024416,0.30364199,2.009419767,0.126330918,0.306591047,0.105486525,0.460564788,0.052560614,0.939914293,0.17443333,0.121263416,0
2/11/2025 7:30,0.330170454,0.172528741,0.19275255,0.13160453,0.21168887,0.211827163,1.966595483,0.102745454,1.702762753,0.176125118,0.158710513,0.171140796,0.228967076,0.295486939,0.906547634,0.429228364,0.206923064,0.183645456,0.115828984,0.225345447,0.099136364,0.309444429,0.504866662,-0.019835161,0.2955951,0.183661809,0.200586879,1.187320998,0.160821344,0.497931707,0.069437687,0.249849432,0.286932576,1.77459216,0.148095232,0.097097563,0
2/11/2025 7:45,0.225959571,0.215308449,0.219711121,0.095680476,0.164049613,0.24899013,1.39839325,0.163800012,0.341630785,0.173157895,0.163356167,0.14414981,0.220631323,0.188977011,0.608777779,0.474217381,0.178561646,0.189551513,0.108214513,0.266577788,0.154853051,0.225000001,0.359812488,0.043217392,0.304423091,0.251511119,0.274894532,0.421939395,0.301555547,0.274230185,0.047404772,0.225730219,0.269292131,2.289219029,0.138669643,0.179775611,0
2/11/2025 8:00,0.240525088,0.243577788,0.247876598,0.341390133,0.198937074,0.209669132,-0.25099675,0.227955551,0.22883077,0.111829225,0.260386586,0.14615872,0.210656792,0.168057472,1.487163883,3.289191275,0.240466666,0.115596593,0.160968114,0.260955547,0.196500006,0.262147833,0.422761921,-0.088808079,0.335331429,0.218752848,0.283197532,0.225985075,0.123471263,0.432951213,0.127155565,0.476133334,0.138795501,0.395286282,0.118790471,0.114058326,0
2/11/2025 8:15,0.532488905,0.177866668,0.275063765,0.483265049,0.154726588,0.184713582,0.165320585,0.156600004,-0.24916216,0.099622238,0.130328581,0.144791014,0.202838117,0.199285716,0.432066664,4.522144915,0.24278739,0.128688891,0.140833335,0.15219069,0.150520918,0.240451386,0.488003493,0.048417387,0.173121825,0.243578852,0.35372345,0.295308643,0.182999998,0.335388622,0.169814498,0.192833337,0.209898879,0.481827378,0.16049523,0.138507631,0
2/11/2025 8:30,0.32395806,0.310642213,0.19330145,0.270052423,0.142895843,0.203812349,0.1499969,0.145688896,1.012783532,0.321596483,0.137838305,0.106623607,0.220810433,0.214511625,0.604222221,4.19309854,0.477700431,0.137110146,0.097174485,0.231544826,0.123986685,0.50258232,0.322918925,0.100918162,0.185286249,0.225044445,0.195866656,0.452382707,0.191409087,0.283372844,0.57835558,0.198101601,0.192431818,0.723168631,0.158999991,0.180115441,0
2/11/2025 8:45,0.366281698,0.401022722,0.218005797,0.25497966,0.180003743,0.312446892,0.474573044,0.194434508,0.798389711,0.055828569,0.124710311,0.116540819,0.147185541,0.199551721,0.414111111,3.350888856,0.219120723,0.171136362,0.575365212,0.185321201,0.176422232,0.176946167,0.568481879,0.134711109,-0.133177178,0.185264827,0.205358335,1.138308619,0.202999993,0.532717095,0.19209788,0.154333324,0.208505617,1.023738094,0.208319049,0.142268295,0
2/11/2025 9:00,0.316800016,0.168796074,0.277698549,0.84098943,0.190184315,0.333832095,0.207606746,0.183644419,0.279120721,0.147655399,0.236138041,0.067936436,0.194725282,0.181390805,0.312246973,3.329355522,0.125205125,0.149528681,0.197149989,0.787199997,0.092749988,0.1889971,0.37199826,0.085407296,0.485247184,0.280650426,0.209750619,1.202113912,0.210261903,0.407928453,0.181046828,0.261577778,0.38596928,0.337695243,0.130061903,0.077320321,0
2/11/2025 9:15,0.318733344,0.339576403,0.240472464,0.147002439,0.217170546,0.355817273,0.093674156,0.177743066,0.253898689,0.140213697,0.243675233,0.131955568,0.167298958,0.154781609,0.282422213,4.820626917,0.111759748,0.140133333,0.204791491,1.074866649,0.204122206,0.21133333,0.31535135,0.138381558,0.133348835,0.190861743,0.149466665,1.298414612,0.182999998,0.333856913,0.155510633,0.203775186,0.391824731,0.543392152,0.119210794,0.048582115,0
2/11/2025 9:30,0.288097693,0.222066674,0.215765956,0.120640641,0.193155571,0.172032095,0.073449436,0.468713111,0.297010261,0.824153262,0.329786676,0.120344304,0.074261847,0.16932184,0.258227273,3.779910637,0.049718988,0.110478791,0.154444453,0.32210232,0.159026218,0.145460885,0.332984616,0.02433928,1.48823337,0.188650447,0.161540736,1.323493807,0.182886361,0.533430893,0.218133309,0.129659091,0.298927129,0.326557146,0.176614286,-0.068282929,0
2/11/2025 9:45,0.201304777,0.200496963,0.266011594,0.132132959,0.24686667,0.278486105,0.055852273,0.227924237,0.204800912,0.23185661,0.283440467,0.122213493,0.088582334,0.156333334,0.265068971,1.084608731,0.015733333,0.153600001,0.113310143,0.231295452,0.237688855,0.082844447,0.384420252,0.110638297,1.198984659,0.359917691,0.095681477,1.330530856,0.191222218,0.279762604,0.231822218,0.172666665,1.876777624,0.238799997,0.087680955,-0.029546338,0
2/11/2025 10:00,0.154688887,0.203888368,0.166739352,0.20655854,0.18966666,0.203995072,0.070078651,0.143888882,0.19118182,0.318472146,0.952794292,0.1230824,-0.007097168,0.166953488,0.026677776,0.669101439,-0.022133332,0.180733331,0.081175759,0.952911138,0.233465503,-0.014480865,0.491543852,-0.028418971,0.953406187,0.244056906,0.022187501,1.698802472,0.23251807,0.419538191,0.234326237,0.16165028,1.922377777,0.326946982,0.135094114,-0.076159348,0
2/11/2025 10:15,0.127730147,0.194555557,0.16928115,0.14859407,0.178254902,0.012076539,0.072555555,0.153933331,0.17089474,2.451801703,1.931966307,0.160488873,-0.058136548,0.15770115,0.326155547,0.617755549,0.100533336,0.103405798,0.699573044,0.362360598,0.172517243,0.016066665,0.369222214,0.015367894,0.341538525,0.297704046,1.04413827,1.313827178,0.272111116,0.264711891,0.211909712,0.190476753,0.386254546,0.494214272,0.028348217,-0.165743212,0
2/11/2025 10:30,0.143845706,0.18915556,0.162497864,0.122161474,0.206866651,0.028538208,0.072101122,0.191358613,0.15405263,3.609863037,0.67722181,0.12414394,-0.104148588,0.163229886,0.303039682,0.48777777,-0.097389754,0.107388583,0.208806049,0.19679998,0.020888904,-0.005093932,0.359497704,0.050000001,0.392571538,0.248009751,0.3796321,1.437567893,0.263113647,0.175969105,0.156327653,0.141651684,0.360993261,0.229686284,0.024766664,-0.149672475,0
2/11/2025 10:45,0.164533329,0.208644444,0.190074979,0.097876424,0.210177782,0.010471611,0.072333332,0.232968189,0.190972972,3.378295229,0.498821103,0.116368531,-0.091413662,0.168747126,0.2928,0.526173908,-0.022420524,0.103582613,0.116341658,0.185414811,0.162449419,-0.053263583,0.25059998,0.034903014,0.226659001,0.26117721,0.264099999,1.041395069,0.263000011,0.468390359,0.139336361,-0.166129721,0.344683143,0.234372016,0.012080946,-0.150402436,0
2/11/2025 11:00,0.404836789,0.266663872,0.213782611,0.133922113,0.227999998,-0.022641672,0.055499999,0.161888893,0.214333335,0.094284313,0.272842728,0.094268262,-0.081624088,0.158057471,0.258958137,0.629364545,-0.069261128,0.089533331,1.246286968,0.285777783,0.114109526,0.182666688,0.272891995,0.130217393,0.21251225,0.304180489,0.328861718,1.103617307,0.246357972,0.221873171,0.155562322,0.62928989,0.725045448,0.277185715,-0.049214304,-0.172474797,0
2/11/2025 11:15,0.096866669,0.220370542,0.231737594,0.168669112,0.153639213,-0.136118515,0.071139537,0.118955561,0.147868425,-0.036800001,1.399107194,0.185318353,-0.186967872,0.171005367,0.275311106,0.648936172,-0.061635884,0.109956516,3.70810833,0.215999994,0.140512536,-0.075657972,0.243699997,0.08184524,0.17547369,0.22262275,3.057911392,1.41493827,0.31307241,0.374564241,0.160731922,0.225804491,0.526333336,0.71012158,-0.070976199,-0.144500814,0
2/11/2025 11:30,0.149384618,0.133170939,0.247619855,0.248995937,0.224999992,-0.200617284,-0.146643674,0.195355561,0.160945208,-0.084017855,2.561920014,0.108799997,-0.15572128,0.526850588,0.206577784,0.68711303,-0.106400005,0.043020289,3.849765209,0.271533327,0.116077777,-0.078727669,0.214999996,0.065821278,0.165238451,0.306759342,1.841583354,0.816641975,0.189574717,0.441331726,0.050495651,0.189287375,0.632090911,0.189514285,-0.099019046,-0.16454568,0
2/11/2025 11:45,0.119257677,0.065999998,0.238816658,0.179309757,0.140533333,-0.351175304,0.097296635,0.331826393,0.118844162,-0.203292982,1.863568548,0.084919848,-0.40461069,0.22081609,0.207200002,2.24690436,-0.267802635,0.010075358,2.994379694,0.202129611,0.140671215,-0.189544687,0.409074437,0.091238294,0.205655552,0.348886191,1.155234139,0.799506174,0.7710341,1.424617906,0.086334752,0.184407551,0.563313134,0.103228576,-0.224961901,-0.380494306,0
2/11/2025 12:00,0.034473564,0.000175276,0.142670919,0.25256503,0.006444447,-0.761967897,0.558411501,0.134411981,0.121026316,-0.115355559,1.897452372,0.155278647,-0.968509519,0.197804596,0.186499998,2.975533332,-0.512035617,-0.045244444,4.023763822,0.198474407,0.115991175,-0.553342037,0.24507605,0.094827371,0.164816667,0.678009764,-0.085333333,0.281030309,0.503796977,0.728557726,0.090575979,-0.056333337,0.844520615,0.508129413,-0.46957143,-0.659378861,0
2/11/2025 12:15,0.028545453,0.038813954,0.150872344,0.175999218,-0.015035953,-0.355414649,0.278881659,0.1908,0.131051952,-0.014962322,1.748513869,0.122680903,-0.409288352,0.201649424,0.202711093,3.638059582,-0.273401752,0.08028406,3.400999965,0.281680552,0.050833332,-0.08648696,0.172630757,-0.018038047,0.172021081,0.215303772,0.074286416,0.600243905,0.953928573,0.91178538,0.120780149,0.150471263,0.869140477,0.430019054,-0.132747627,-0.378269918,0
2/11/2025 12:30,0.039555555,0.049777779,0.220487573,3.102753671,0.175749027,0.198755555,0.383376451,0.224644445,0.124842111,0.161599997,0.438491401,0.099807761,-0.165195248,0.198747124,0.207923585,5.082787275,-0.109194744,0.074571014,2.554341824,0.16055553,0.067627241,-0.015892729,0.355324999,-0.00223913,0.236199543,0.104341464,0.164875001,0.753909087,0.352715562,0.233259155,0.15033618,0.073416669,0.358622231,0.793404769,-0.009976188,-0.207492677,0
2/11/2025 12:45,-0.217444444,0.081555557,0.166017393,1.621586179,0.134244444,0.062632106,0.770970121,0.11062223,0.137084511,0.189945453,0.156499053,0.159599993,-0.033276198,0.167069767,0.268244444,4.817999991,0.059268538,0.105113041,2.010110147,0.736555543,0.142965517,0.123475181,0.229450012,0.064400003,0.136764358,0.021408529,0.298869123,0.668555554,0.264363636,0.697466669,0.206250004,0.15152272,0.445009321,0.296549015,0.067407738,0.033265035,0
2/11/2025 13:00,0.113160922,0.010027777,0.184539129,0.413642859,0.159606738,0.017041977,0.081693635,0.115856929,0.175077923,1.759226184,0.135909161,0.218510859,0.01436386,0.153906277,0.391933338,1.979251206,0.175656281,0.114659723,1.464933064,0.341380962,0.09700455,0.039953635,0.260410259,0.113641021,0.16011302,0.15190244,0.5192321,0.83397561,0.119777776,1.703448762,0.142217385,0.1855111,0.340155549,0.299529773,0.098942865,-0.074454321,0
2/11/2025 13:15,0.129022223,0.213469698,0.228626949,1.500757074,0.152377774,0.187592595,0.091246517,0.205022224,0.215727274,3.0146667,0.14021239,0.214885533,0.097795169,0.164839081,0.313955562,1.636812492,0.243307686,0.113110144,1.54034646,0.142466646,0.127490474,0.190880424,0.361336951,0.129965952,0.722204001,-0.014059864,0.354725004,0.871000006,0.112999997,0.40714308,0.190232621,0.214423639,0.250505677,0.349823819,0.14004286,0.021756102,0
2/11/2025 13:30,0.089572249,0.140889645,0.256927653,0.977911376,0.116577214,0.048995592,0.071999998,0.136488879,0.131831173,2.803223787,0.133307451,0.176088883,0.023711648,0.164034483,0.286428477,4.065919166,0.326666664,0.143901452,0.417515036,0.180244441,0.119333341,0.068444445,0.342486579,0.51543769,0.252566105,0.206489439,0.243538267,0.867512199,0.115555553,0.379500811,0.140475173,0.511262167,0.163865149,0.648266664,0.114547623,-0.018905912,0
2/11/2025 13:45,0.39335206,0.106102565,0.191008338,0.731827073,0.174066653,0.676015134,0.059860464,0.88737778,0.130051287,1.962578978,0.137841276,0.131911616,-0.00649959,0.240701145,0.296748312,1.219371024,0.170555549,0.134259575,0.586783349,0.159505617,0.090290327,0.096911119,0.287492297,-0.039707068,0.385051414,0.923055268,0.220833329,0.72867901,0.175921348,0.206110595,0.164111114,0.331042577,0.277111132,0.309461911,0.110957145,-0.011478038,0
2/11/2025 14:00,0.242666666,0.110145834,0.201778216,1.205853656,0.229377775,0.283175769,0.049666666,0.430311115,0.147868422,1.690904291,0.132251258,0.127226964,0.098612805,0.233369978,0.241252868,1.233342034,0.151660612,0.105644452,0.132052489,0.207999996,0.143942789,0.172391655,0.299459462,0.055,0.303411105,0.337393509,0.298306168,0.840375002,0.355727284,0.497717084,0.172977298,0.191666681,0.307077286,0.314209532,0.215613735,0.151891354,0
2/11/2025 14:15,0.295971208,0.178160303,0.269770203,1.420987656,0.191599982,1.288901223,0.096483148,0.234668539,0.221676467,0.141277304,0.112461395,0.162259941,0.14281907,0.178714282,0.30099206,1.095672461,0.198144775,0.12752403,0.134034777,0.144400009,0.127309923,0.225745467,0.304271802,-0.007500008,0.313320153,0.325125212,0.277666675,1.349012356,0.360640456,0.384359348,0.166618176,0.169711104,0.420799999,0.40827843,0.215776207,0.147878049,0
2/11/2025 14:30,0.320133332,0.271122475,0.258767378,0.487048072,0.155141171,1.400320975,0.161311629,0.124066664,0.198999997,0.134799994,0.337210928,0.104576773,0.19893011,0.184724134,0.23373612,0.937802902,0.236284935,0.180933335,0.168006951,0.115844462,0.202134092,0.171133342,0.273743721,0.093829435,1.433811118,0.343925002,0.498808346,0.95824691,0.323465129,0.400590122,0.090113043,0.200656059,0.460231829,0.382614281,0.182409518,0.04507317,0
2/11/2025 14:45,0.320908699,0.241222219,0.248933332,1.843184451,0.279844413,1.334236114,0.110151318,0.166579368,0.158714285,0.196133334,0.384855828,0.126822219,0.164624089,0.176793103,0.255799991,0.9442,0.253684214,0.130578793,0.326883311,0.146076391,0.951588866,0.212326243,0.343299089,0.046776812,1.379980309,0.350884151,0.785933322,0.890439026,0.322880965,0.495066674,0.171084059,0.189088887,1.563573771,0.784141166,0.206752389,0.058975608,0
2/11/2025 15:00,0.589755559,0.287705881,0.296446814,1.067965053,0.187441359,0.784676519,0.152448858,0.441755555,0.162863015,0.252969372,0.181053338,0.142333332,0.196098,0.953790238,0.245650615,0.714573918,0.404009522,0.134044446,0.358930437,0.214996262,0.413123775,0.297631201,0.306826325,0.0499212,0.825722209,0.384798373,0.378250001,0.91189874,0.288056188,0.448019803,0.428560599,0.184647624,1.827471212,0.314076188,0.177428575,0.066780488,0
2/11/2025 15:15,0.739868176,0.24654697,0.313881164,0.354653124,0.225423251,0.480619516,0.097311125,1.938429196,0.203128204,0.128660276,0.116690779,0.098563287,0.178863462,0.666488371,0.264488887,0.555475369,0.291030394,0.149557584,0.266089876,0.126254262,0.348168573,0.328133307,0.453933347,0.126621279,1.600307578,0.396900821,0.168219497,0.943284551,0.273777785,0.496321942,0.201956519,0.186091964,1.001172554,0.375200001,0.155271088,0.094358025,0
2/11/2025 15:30,0.497688888,0.368022208,0.240191667,0.352834136,0.204644185,0.394320985,1.017262129,1.84113328,0.218657891,0.222282404,0.126180953,0.201306967,0.172642858,0.837597699,0.228935562,0.524884051,0.272977191,0.202888889,0.231324635,0.147288886,0.2928,0.558765963,0.319400002,0.225759412,1.035872227,0.444066664,0.136428575,0.884074078,1.231666642,0.629387051,0.201309091,0.175799985,2.022154573,0.52831618,0.130371427,0.196012046,0
2/11/2025 15:45,0.43036403,0.295022215,0.188425,0.765642285,0.281491397,0.417387668,0.965532107,1.878088888,0.163800001,0.30138345,0.201214286,1.690791666,0.198861889,0.963206889,0.252321838,1.678154899,0.273823381,0.206600001,0.272565214,0.224222234,0.307240967,1.584970123,0.250961894,0.372341664,0.556778455,0.612986988,0.276560489,0.990777788,0.984204805,0.964931683,0.159775006,0.187465281,0.583689925,0.313419051,0.215314285,0.164111109,0
2/11/2025 16:00,0.397488878,0.229705212,0.2302116,0.79808131,0.2509375,0.354908658,0.974352058,1.941888886,0.169623377,0.57750257,0.17021885,1.179551507,0.215580947,0.725672413,0.151587301,0.842385516,0.283181983,0.252933334,0.250965227,0.205733327,0.361533329,0.270021271,0.344491646,0.875371645,0.403807196,0.601883254,0.344841663,0.831425933,1.484931812,1.442936558,0.167666643,0.401684832,0.311387303,0.383423527,0.231119067,0.216170732,0
2/11/2025 16:15,0.52315,0.323343063,0.21833333,0.444973088,0.151613974,0.559061717,0.626146065,2.468106045,0.152760561,0.468431929,0.145208568,0.935480118,0.187929404,0.453229886,0.242550561,0.795980138,0.280266677,0.291168113,0.279937586,0.34775686,0.277113642,0.302565218,0.389916655,0.123212761,0.226707867,0.43537777,0.32405001,1.208185201,2.46562628,2.186333341,0.138076911,0.194704783,0.352493618,1.48242381,0.375076192,2.043731705,0
2/11/2025 16:30,0.960047635,0.279986104,0.204426084,0.432133334,0.255666659,0.533641986,0.13322222,2.891261503,0.235077921,2.396970807,0.150344274,0.800919897,0.293018071,0.301735634,0.079788892,1.229933322,0.317740351,0.268777776,0.254005783,0.195992069,0.379519706,0.309595745,0.468988213,0.135826086,0.854888898,0.444780487,0.512287801,1.574111119,1.840222228,1.038669917,0.159819866,0.210688898,0.303933332,3.211947603,0.550628563,0.721386757,0
2/11/2025 16:45,2.278066649,0.57177777,0.229520573,0.373436298,0.197494383,0.398834566,0.632209294,2.611755562,0.189266668,1.734966282,0.191288287,0.369800003,0.898623523,0.294124031,0.267064377,6.431861056,0.50189584,0.553620287,0.143987888,0.145333326,0.372642639,0.307255319,0.558015799,0.067930555,0.555022466,0.483699183,3.821058361,1.159097573,1.474196376,0.927360626,0.15896812,0.324422216,0.318555559,1.096164723,0.235800001,0.351871547,0
2/11/2025 17:00,2.292184493,1.184868219,0.198529068,0.411990256,0.329158802,0.393333334,0.23411111,1.93215555,0.173000007,1.497139049,0.169956177,0.253357574,1.172043145,0.280701151,0.981902626,8.60626667,0.367958548,0.277910141,0.15960416,0.162177778,0.330644815,0.281936165,0.539363706,0.257073915,0.934108742,0.580978848,4.140824996,0.864172833,1.776727594,1.028367485,0.210624628,0.761777773,0.286492448,0.358761902,0.325595241,0.366749604,0
2/11/2025 17:15,2.38586808,0.298777011,0.184933328,0.468497646,0.58865844,0.405925931,0.265226354,1.690090871,0.172250621,0.960417845,0.185195236,0.048948486,0.330157134,-0.299617819,0.370111108,6.382344921,0.467549568,0.280930431,0.187171638,0.146418528,0.338417701,0.251958331,0.485680713,0.421541671,1.461999985,0.641490864,3.518313038,0.94238272,1.909926977,0.971110591,0.204768118,2.380161922,0.456805492,1.540898042,0.280800003,0.271613013,0
2/11/2025 17:30,2.926215138,0.405175298,0.227239132,0.517425561,0.382790805,0.297565437,0.23258139,1.320111131,0.229805556,0.235328175,0.170901902,1.346179764,0.381000001,-0.072048853,0.271733341,5.04793045,0.347533337,0.284933338,0.169672461,0.205665168,0.354422232,0.316478264,0.396533331,-0.021469565,0.262244447,0.501751224,1.913812507,0.905222217,1.551462226,1.065199732,0.233804247,1.442955543,0.494503286,1.308966646,0.392852368,0.378334962,0
2/11/2025 17:45,4.247533353,0.321399991,0.184516673,0.504275376,0.402815158,0.291024692,0.173511134,0.317422225,0.22576316,0.234968037,0.185819177,1.784910092,1.344814303,0.217367817,0.256099616,4.950168118,0.288490916,0.257997103,0.210777785,0.147271297,0.508961584,0.220906978,0.557295581,0.116652171,0.325483339,0.695760973,1.578073218,0.907702701,1.124634645,1.064567499,-0.03444309,2.539311102,0.440689923,0.399390487,1.475886907,0.215404944,0
2/11/2025 18:00,3.998875427,0.301933331,0.191657981,0.38725542,0.533993096,0.260834572,0.146874413,0.318333331,0.173270277,0.255375003,0.222544678,1.542222223,1.283737264,0.257674418,0.241733345,5.100712055,0.53775676,0.255432076,1.25454782,0.201200012,0.53490477,0.224702128,0.480154961,0.175777776,0.31401541,0.577326844,1.487474998,1.244604925,1.03540478,1.039983779,-0.040296449,2.334374996,0.392000005,0.408819842,1.159138093,0.266049,0
2/11/2025 18:15,4.280799945,0.324364334,0.185660994,0.305026037,0.754888894,0.287955561,0.188420649,0.313277515,0.173410966,0.157833889,0.24851957,0.164247184,1.064842861,0.230586207,0.247539699,2.445160321,0.31679649,0.226043477,3.055298543,0.228622228,0.452958797,0.297468085,0.436493492,0.174777778,0.831174857,0.631861784,1.72616662,1.006641964,0.89978182,1.096375922,0.091504965,2.472301538,0.364153495,0.455309506,0.436747606,0.331530106,0
2/11/2025 18:30,1.727628783,0.319632212,0.25257391,0.35336081,0.45268168,0.307408136,0.203387603,1.10149438,0.180694809,0.197612286,0.313032609,1.15229923,0.836438099,0.27345977,0.234040322,2.646421297,0.227785587,0.23038261,2.103965185,0.310179029,0.470433341,0.379387959,1.146220499,0.145978722,0.037114034,1.014365876,1.760752135,1.304197522,0.854200005,1.466489447,0.15626786,3.946614306,0.361707858,0.423243151,0.457761908,0.199341465,0
2/11/2025 18:45,0.491733323,0.497999995,0.232760604,0.455317163,0.517111108,0.483481471,0.219442425,0.461333329,0.286552632,0.244316019,0.178808877,1.226395494,0.344793574,-0.403931032,0.237444436,2.63439706,0.496768833,0.488426943,2.08426669,0.202201503,0.473277775,0.360826085,0.509784606,-0.152555557,0.122888884,0.527855387,1.79611355,1.193123448,0.855511126,0.982414656,0.121560278,1.629377761,0.33591761,0.740895246,0.390395226,0.16056098,0
2/11/2025 19:00,0.315844448,0.246399997,0.186644445,0.466502756,0.387442695,1.062567885,-0.22190476,0.343076388,0.652822216,0.318988966,0.199759972,0.333644443,0.301877256,0.199864369,0.265077913,2.731504346,0.363730525,0.230564333,1.956622266,0.104923813,0.40343373,0.336863636,0.451866644,0.217878259,0.184954021,0.40937073,1.99130359,1.045727271,0.012723752,1.002268282,0.107111108,0.284353501,0.393380304,0.410125488,1.108390466,0.334230897,0
2/11/2025 19:15,0.609438209,0.244732547,0.181178239,0.407986977,0.394177781,1.306975283,0.138581397,0.400911099,0.307509943,0.684699986,0.17739523,0.006535116,1.089642851,0.20416279,0.288977754,2.658347812,0.286709425,0.207533333,1.543388457,0.129555565,0.32106896,0.954707319,0.529713078,0.200496964,-0.149350001,0.400785379,1.935199977,1.109574073,0.244456081,0.795795114,0.092149995,0.351685392,0.331533337,0.342857141,2.392595226,0.43144553,0
2/11/2025 19:30,0.299908521,0.197271253,0.174968629,0.365071495,0.365161233,1.317970365,0.164273501,0.589931044,0.312533339,2.449639135,0.171760568,0.198730336,1.601347617,0.210126434,0.356576381,4.253898598,0.352922368,0.220499999,1.492177346,0.10036817,0.395769614,0.308952383,0.380546314,0.232644461,0.216298852,0.48978536,1.913608336,1.885222205,0.265977772,1.085655288,0.107357137,0.517459749,0.334412121,0.374742858,0.438733333,0.438514063,0
2/11/2025 19:45,2.013305534,0.322000002,0.103237675,0.331336591,0.487511097,1.336659254,0.25671163,0.373155561,0.34433858,0.379636161,0.202763188,0.184157307,0.38422857,0.18391954,0.307054686,5.730484072,1.865792795,0.270911116,1.33204446,0.126833342,0.322390682,0.35495122,0.50318069,0.181301451,0.192733712,0.438135803,1.81701976,1.177814812,0.165833324,1.039121982,0.100115935,0.398511117,0.463277773,0.461670592,0.551871428,0.357007219,0
2/11/2025 20:00,2.737977776,0.345644447,0.120048616,0.353095942,0.440636714,0.470397527,0.053254546,0.346422211,0.264223817,0.244387799,0.176442462,0.178111114,0.306887803,0.026863837,0.238521814,5.056956493,2.626754371,0.27375073,0.120088885,0.174964322,0.531649062,0.38428708,0.447466671,-0.086888886,0.144397358,0.44507643,1.701861073,1.072317091,0.180044829,1.021196663,-0.018999999,0.397666667,0.361110609,0.411480945,0.407852383,0.440416655,0
2/11/2025 20:15,2.735066655,0.280407736,0.134353629,0.316867028,0.352599995,0.37340494,0.13,0.435822218,0.27849296,0.750872065,0.198837234,-0.034303367,0.380795248,0.113088042,0.254931642,4.884662436,0.930931597,0.212463764,0.118501457,0.179260679,0.594231527,0.350755101,0.405770821,0.153723403,0.148349424,0.412091072,1.734234544,0.897625009,0.247960591,1.04685854,0.104956524,0.273511118,0.351452376,0.34565097,0.412133339,0.32810119,0
2/11/2025 20:30,2.532405969,0.284050902,0.148852171,0.419375,0.335495872,0.345693831,0.139036145,0.345285055,0.295077924,0.69732432,0.193621232,0.247016472,0.319023831,0.148517242,0.255504129,4.849313034,1.687354954,0.987076081,0.124672728,0.226575285,0.522021213,0.343909092,0.394953842,0.158240581,0.349562079,0.455502438,1.679233354,0.339060608,0.097024388,0.903402461,0.035222222,0.685386028,1.145388896,0.804083331,0.602066671,-0.004891572,0
2/11/2025 20:45,2.569286346,0.305587874,0.107484053,0.43996504,0.362793104,0.356350614,0.138777781,0.342088884,0.824184204,0.283090047,0.168055645,0.188760538,0.313824101,0.167999999,0.26851111,4.888894052,0.540729871,1.612772712,1.680489844,0.222733347,0.535322214,0.415666665,0.335524556,0.111190904,0.371111109,0.3729111,1.79583331,1.407926829,0.115888886,0.799780494,0.065000001,0.961050196,2.225969239,1.047895225,0.443595239,0.269585368,0
2/11/2025 21:00,2.488799988,0.354182957,0.125525001,0.356571546,0.423229646,0.317505692,0.113581396,0.560199971,0.311749997,0.122657142,0.18108561,0.123290634,0.259031318,0.210931034,0.235771195,4.848666659,0.513529741,0.370954547,0.946155568,0.433107881,0.219090174,0.324111113,0.31210217,0.154200004,0.542111106,0.255748136,1.653004911,0.519455702,0.196777775,0.782637423,0.041695652,0.257219047,0.924711114,0.840258832,0.346452381,0.324904767,0
2/11/2025 21:15,1.908311146,0.22946666,0.138802883,0.296405373,0.278533315,0.27102374,0.102333333,0.350733317,0.27806849,0.145546478,0.170497143,0.064199994,0.248795174,0.263182265,0.286342529,4.773513405,1.404780956,0.288577776,1.364399992,0.169119039,0.301611102,0.333624998,0.378092315,-0.109822692,0.605000002,0.21263252,0.513661365,0.556456788,0.229777779,0.713284557,0.194276595,0.288733331,0.382422472,0.688033321,0.258662652,0.293086417,0
2/11/2025 21:30,0.857441928,0.253388895,0.103329249,0.332199991,0.360888892,0.175925928,-0.061659095,0.276260537,0.307999998,-0.102653522,-0.114527032,0.213115355,0.197190506,0.201105744,0.277596895,4.431086951,1.95736712,0.217854549,1.028777791,0.533911096,1.405387596,0.368319148,0.352899554,0.092527535,0.67632645,0.192439031,0.32866667,0.826333337,0.162166669,0.334231706,0.128999998,0.300034846,0.380933347,0.961509808,0.274166671,0.27516867,0
2/11/2025 21:45,0.786977274,0.288213628,0.120377775,0.302706474,0.451113872,0.140037038,0.563196057,0.190114603,0.345027037,-0.065153152,0.127880953,0.106699627,0.210501204,0.28886207,0.14323745,5.362171018,1.040131549,0.16908788,1.116848488,0.570719847,2.156562699,0.292787234,0.320876173,0.109024112,0.705833316,0.215349598,0.265201942,0.621796298,0.138172417,0.272560975,0.162978725,0.236444436,0.433581282,0.437090485,0.256333338,0.187320985,0
2/11/2025 22:00,0.321539324,0.342186995,0.137590075,0.367268306,0.339042858,0.1484321,0.741566665,0.384666663,0.289829268,0.138076186,0.121571427,0.08114382,0.169305223,0.269395349,0.159076384,4.84271308,1.32815896,0.125173911,0.222990384,0.591533338,2.131022236,0.28768085,0.344769234,0.118580137,0.712382979,0.213195123,0.397049991,0.16135821,0.133555556,0.156414633,0.090551023,0.261549399,0.381983324,0.37854699,0.132285714,0.154645525,0
2/11/2025 22:15,0.153666668,0.337488905,0.118321748,0.323939019,0.328708611,0.132629629,0.826516841,0.296316094,0.256924052,0.10651911,0.063595236,0.137555562,0.150781532,0.903459757,0.183244449,4.819225011,1.143233317,0.155759425,0.25964167,0.402588657,1.511388882,0.237893616,0.282908104,0.148640577,0.705610076,0.178730184,0.322226007,0.16876923,0.072999999,0.185926832,-0.038113204,1.124723602,0.246239312,0.201809523,0.133000001,0.192211378,0
2/11/2025 22:30,0.233258433,1.35428888,0.15230995,1.162682933,0.301348317,0.136585365,0.837444429,0.311186361,0.240560973,0.245428307,0.063119046,0.125253172,0.203479511,0.083817129,0.223422243,4.655288911,0.6580506,0.054947826,0.221853839,0.486030907,3.212438254,0.237872341,0.089371795,0.181437505,0.693934457,0.212899189,0.357374999,0.319172836,0.089555558,0.464341462,0.071636363,0.263848677,0.346162796,0.162642854,0.16095238,0.210611381,0
2/11/2025 22:45,0.256295454,1.100311114,0.168917725,1.314024394,0.366857568,0.147938273,0.887883702,0.316703033,0.205853661,0.057909906,0.062047617,0.114504859,0.145670678,0.177935129,0.259730331,4.355347753,0.150246916,0.05711111,0.186170375,0.278260604,2.83227715,1.365340407,0.091012659,0.050709218,0.330784807,0.180019514,0.403200002,0.271827156,0.086333336,0.286707317,0.064044639,0.678405846,0.24378651,0.189823528,0.203476188,0.132498766,0
2/11/2025 23:00,0.242090909,0.672300013,0.132026937,1.369512187,0.228180506,0.129962025,0.868280892,0.166686819,0.146972605,0.131677102,0.060647057,0.111838951,0.144865867,0.141390805,0.190126435,1.861005778,0.132466667,0.077347826,0.166377775,0.225533337,1.164109096,1.655040815,-0.056468472,-0.073638303,0.058361616,0.249874073,0.346974985,0.378802474,0.074379312,0.347891054,-0.033085109,0.093692884,0.008950571,0.220380953,0.028976189,0.126239021,0
2/11/2025 23:15,0.213112358,0.326049604,0.109432558,1.563780498,0.240894581,0.128853658,0.845643677,0.37657777,0.143000005,0.202550001,0.000580952,0.088014874,0.195584726,0.204071429,0.045069143,1.889418039,0.127266664,0.140330431,0.154022234,0.174800736,1.883352453,0.944363609,0.235897897,-0.140338385,0.06088303,0.195009758,0.353891131,0.145575758,0.056555555,0.415915443,0.061085108,0.537936706,0.326814258,0.193705886,0.136052377,0.077227639,0
2/11/2025 23:30,0.197555554,0.271428571,0.159263765,1.302073159,0.262451398,0.14497531,0.807418603,0.136666668,0.205064936,0.145689473,0.107817244,0.109517643,0.17776145,0.199046509,0.256244425,1.856346123,0.28846667,0.089857967,0.112211176,0.349283142,0.957655549,0.478555544,0.18248205,0.117315152,0.08039759,0.193036583,0.256959496,0.179296296,0.053888888,0.123370481,0.103260871,0.899888873,0.200323808,0.152166665,0.126247613,0.064243903,0
2/11/2025 23:45,0.142444446,0.238355566,0.110844447,1.669146299,0.222533346,0.131111111,0.820111104,0.194111106,0.184184212,0.161210531,0.068610564,0.09632433,0.142987955,0.21127586,0.224722217,1.874933336,0.087605266,0.048666667,0.219504964,0.109531045,0.515039219,0.879000016,0.142907699,0.152933331,0.13325612,0.256499179,0.344058322,0.128493828,0.053689654,0.428523573,0.066404257,0.25179775,0.262038752,0.166452378,0.132904757,0.201991865,0
